Metrics/EpRet,Metrics/EpRet/Min,Metrics/EpRet/Max,Metrics/EpRet/Std,Metrics/EpCost,Metrics/EpCost/Min,Metrics/EpCost/Max,Metrics/EpCost/Std,Eval/EpRet,Eval/EpCost,Train/Epoch,Train/TotalSteps,Loss/Loss_reward_critic,Loss/Loss_actor,Misc/Reward_critic_norm,Misc/Entropy,Misc/Ratio,Time/Total,Time/FPS
-0.0007677067769691348,-0.0007677067769691348,-0.0007677067769691348,0.0,0.0,0.0,0.0,0.0,0.0,0.0,0,10000,0.007381518809870613,-0.009991439950391673,0.6818054084491451,0.8251076579093933,1.0001438736915589,40.532198667526245,246
-0.0012753584887832403,-0.0012753584887832403,-0.0012753584887832403,0.0,0.0,0.0,0.0,0.0,0.0,0.0,1,20000,0.0025886943010846155,0.00022424572826622579,0.43037869706749915,0.8252156198024749,0.999904352426529,89.82301759719849,222
0.002925404580309987,0.002925404580309987,0.002925404580309987,0.0,0.0,0.0,0.0,0.0,0.0,0.0,2,30000,0.0008718919998500496,-0.00043041671807131365,0.21494374312460424,0.8253679513931275,0.9998849928379059,137.27844405174255,218
-0.0008265380747616291,-0.0008265380747616291,-0.0008265380747616291,0.0,0.0,0.0,0.0,0.0,0.0,0.0,3,40000,0.00026920434029307214,-0.0004063659191114066,0.1296498017385602,0.825547456741333,1.0001501560211181,174.44531559944153,229
0.00031536174356006086,0.00031536174356006086,0.00031536174356006086,0.0,0.0,0.0,0.0,0.0,0.0,0.0,4,50000,0.00019017766280740033,-0.0010760634038408767,0.0939776912331581,0.8256989538669586,0.9999629616737366,211.73466062545776,236
0.0022401749156415462,0.0022401749156415462,0.0022401749156415462,0.0,0.0,0.0,0.0,0.0,0.0,0.0,5,60000,0.0001691647557890974,0.00038282416283195173,0.09185868967324495,0.8258417546749115,0.9999045431613922,246.20362186431885,243
