Metrics/EpRet,Metrics/EpRet/Min,Metrics/EpRet/Max,Metrics/EpRet/Std,Metrics/EpCost,Metrics/EpCost/Min,Metrics/EpCost/Max,Metrics/EpCost/Std,Eval/EpRet,Eval/EpCost,Train/Epoch,Train/TotalSteps,Loss/Loss_reward_critic,Loss/Loss_actor,Misc/Reward_critic_norm,Misc/Entropy,Misc/Ratio,Time/Total,Time/FPS
0.002307024085894227,0.002307024085894227,0.002307024085894227,0.0,0.0,0.0,0.0,0.0,0.0,0.0,0,10000,0.006925190865513286,-0.008944809434283663,0.6503905038465746,0.8251538038253784,1.0001217544078826,43.56969666481018,229
0.02032748982310295,0.02032748982310295,0.02032748982310295,0.0,0.0,0.0,0.0,0.0,0.0,0.0,1,20000,0.0012912914797198027,-0.0022024732019926495,0.2813377186655998,0.8252841234207153,1.0001907110214234,95.4505090713501,209
-29.591476440429688,-29.591476440429688,-29.591476440429688,0.0,29.700000762939453,29.700000762939453,29.700000762939453,0.0,0.0,0.0,2,30000,0.7199844034897979,-0.0003182024780289228,1.2274946846067905,0.8253565967082978,1.0001004099845887,146.08678221702576,205
-16.43402671813965,-16.43402671813965,-16.43402671813965,0.0,16.450000762939453,16.450000762939453,16.450000762939453,0.0,0.0,0.0,3,40000,0.3721961225004634,-0.0031359415914025135,0.8059157218784094,0.825482714176178,1.0000999450683594,184.50045895576477,216
0.010470227338373661,0.010470227338373661,0.010470227338373661,0.0,0.0,0.0,0.0,0.0,0.0,0.0,4,50000,0.004304424676229246,-0.002850787396734766,0.5530566059052944,0.8255881369113922,0.9999415457248688,220.76227378845215,226
-0.015631508082151413,-0.015631508082151413,-0.015631508082151413,0.0,0.0,0.0,0.0,0.0,0.0,0.0,5,60000,0.001907069121079985,0.001317125884865078,0.3236267648637295,0.8257137298583984,0.9999525606632232,259.90547275543213,230
-13.850692749023438,-13.850692749023438,-13.850692749023438,0.0,13.800000190734863,13.800000190734863,13.800000190734863,0.0,0.0,0.0,6,70000,0.4438258689828217,4.7774659142696405e-05,0.6076879918575286,0.8258575379848481,0.9999418973922729,315.3876271247864,221
