{
  "episode": [
    1,
    2,
    3
  ],
  "reward": [
    -175.03755853943412,
    -213.53471610846947,
    -151.74030502418256
  ],
  "cost": [
    0.0,
    0.0,
    0.0
  ],
  "formation_error": [
    0.0,
    0.0,
    0.0
  ],
  "min_dist": [
    Infinity,
    Infinity,
    Infinity
  ],
  "collisions": [
    0,
    0,
    0
  ]
}