Metrics/EpRet,Metrics/EpRet/Min,Metrics/EpRet/Max,Metrics/EpRet/Std,Metrics/EpCost,Metrics/EpCost/Min,Metrics/EpCost/Max,Metrics/EpCost/Std,Eval/EpRet,Eval/EpCost,Train/Epoch,Train/TotalSteps,Loss/Loss_reward_critic,Loss/Loss_actor,Misc/Reward_critic_norm,Misc/Entropy,Misc/Ratio,Time/Total,Time/FPS
-0.007824487052857876,-0.007824487052857876,-0.007824487052857876,0.0,0.0,0.0,0.0,0.0,0.0,0.0,0,10000,0.011018223266000859,-0.008429004418682329,0.6827116408152506,0.8251067280769349,1.0000641345977783,52.84452223777771,189
-124.1209716796875,-124.1209716796875,-124.1209716796875,0.0,124.19999694824219,124.19999694824219,124.19999694824219,0.0,0.0,0.0,1,20000,1.0904728605994023,-0.0006455322703922128,3.239892280101776,0.8251661539077759,1.0000450432300567,95.30581617355347,209
-57.021018981933594,-57.021018981933594,-57.021018981933594,0.0,57.29999923706055,57.29999923706055,57.29999923706055,0.0,0.0,0.0,2,30000,0.23125848278868943,-0.0012851203086880147,0.9765244401991368,0.8252440810203552,0.9999653697013855,132.62476587295532,226
